,t_set_heating,ventilation_efficiency,appliance_gains,infl_rate_m3ph_m2
sample_001,17.243734614901623,0.6733542058509298,11.189821512413216,4.0460526394188125
sample_002,24.035111378471797,0.8400914161813622,12.961056928537868,4.2842787138944605
sample_003,18.78154806856907,0.6095610527328916,12.630928536273913,3.8214647002230278
sample_004,21.35239416239153,0.6906646439502344,11.861605074399012,4.515455225564304
sample_005,21.466768597363338,0.7872606852896094,9.838093905528236,4.127366712017559
sample_006,24.385400787291037,0.771170527619513,10.359324421264361,3.682137577573556
sample_007,20.603269732807256,0.8355201048455552,10.800933468930664,3.479123924684256
sample_008,21.613799603332907,0.6836885664253408,9.901820747124825,3.960649805351316
sample_009,25.060788337395493,0.6548607761023693,9.976866640506419,4.216210572818314
sample_010,22.351358241939774,0.6957161065266527,13.934096384808356,4.54660372010635
sample_011,20.429099048518406,0.6418774567647831,12.788089398747168,3.733752667172359
sample_012,23.3276127208535,0.701982133659387,10.452496897394074,3.514233437921395
sample_013,19.248337972082627,0.6257259281864651,11.64053540228434,3.75985275460498
sample_014,23.437372940362273,0.7812568092877799,10.08070101746784,4.064385419379561
sample_015,17.591813843568474,0.8903672205151767,10.879022946660188,4.03770939852928
sample_016,23.554817689011998,0.7107333892269633,9.441585855133582,3.7047000228516795
sample_017,21.143354576399936,0.7441740772475325,11.089740658590133,3.273920998038748
sample_018,23.096764127370363,0.6208623097903786,9.69762169200457,4.091829427125507
sample_019,18.075392677306844,0.749122726928005,10.530718883651598,4.47437232215956
sample_020,17.8191726554345,0.8675178130697742,12.443418657834716,4.264322035817871
sample_021,17.675247078265624,0.8047260492695998,12.840244900362404,3.3566605416018462
sample_022,19.947615232320945,0.8659123205220913,13.7283891522174,4.530762455394973
sample_023,17.51806646320147,0.7893710820933624,12.526086432755331,4.326073592498445
sample_024,22.213153591064724,0.7335711704021382,13.694306013553648,4.387394348137622
sample_025,18.337009675891895,0.8621713128025645,12.175005352660207,3.42076204670901
sample_026,17.964599027475703,0.7623760982482097,10.341953552768107,3.6006164724530456
sample_027,18.188231155083592,0.7060616617906538,11.155055075598838,3.654555168763097
sample_028,24.34987894897388,0.6678652410129606,11.507777565343293,3.6359527327040957
sample_029,19.392874554464182,0.8940779266164679,11.053396921724026,3.6628677143181525
sample_030,22.495355449367302,0.874802013915184,13.510071324609235,3.787453823185951
sample_031,18.418669713264162,0.6463130752441694,10.705730451700918,3.391683851956588
sample_032,23.3056305117445,0.736897534427833,13.280687667654217,4.237109516222679
sample_033,21.30414268838913,0.8790463328543336,12.701560603801605,4.4014975976324635
sample_034,24.82398858033146,0.6361992382329944,11.44097462332632,4.459543922579406
sample_035,22.36935128260965,0.7931913621114641,9.72303603187632,3.598345400001551
sample_036,25.148900875261994,0.6056598487711705,10.890908913124722,4.148565438952478
sample_037,17.905283612889022,0.7414988412634054,14.045637164506392,3.9495865519505693
sample_038,17.17391429666797,0.6636689547004487,13.957672720261163,4.482076784563205
sample_039,21.720273845655147,0.7216723644617286,11.763610317634178,4.7065551981392035
sample_040,23.910470452696902,0.7287771651199053,11.315266366949217,4.244627050161647
sample_041,22.77368720067463,0.675314955580734,13.463101906635837,4.599251748876476
sample_042,24.616740490713894,0.8086090414355158,13.54551687361666,3.903834970558714
sample_043,21.911700416253616,0.6639266272684885,12.341379485225454,3.2296988574153658
sample_044,24.543123665490402,0.7952398366123163,13.878912829935299,3.2991017876121536
sample_045,24.73431480869968,0.7575285916347906,13.0710747928809,3.545027839610861
sample_046,20.696466788457755,0.765399575101133,10.974415185491258,4.113681418963385
sample_047,20.813938694628348,0.6275187702631209,12.042260242655782,3.87811066663877
sample_048,20.501587090808354,0.6890157730652893,9.596268546091087,3.9951805884998866
sample_049,18.572110417096795,0.8556333274795316,13.23222921796665,3.816414633836845
sample_050,22.617064806890312,0.6117203923468595,11.817289819922697,3.453793526541998
sample_051,16.823372491984678,0.8851056509022714,11.975931381191993,3.337122049948975
sample_052,20.05353668979064,0.8241387898875043,12.586142262483264,4.186446826527742
sample_053,17.417207587014005,0.6018512627564226,13.023842655662417,3.408377667815582
sample_054,18.879023556575696,0.8294845330268166,9.55044829042211,3.485220319921689
sample_055,18.67623893608648,0.6520359232363112,12.362762943873268,3.5320484361235014
sample_056,19.498400387363002,0.8269178098299318,10.142040441078864,4.740887534859061
sample_057,19.184923146177383,0.7540319683900799,12.945537018931919,4.308896039153463
sample_058,21.038432613273486,0.6183528847359346,13.35069101471279,4.371617713613674
sample_059,24.888545649224966,0.6315148404253711,10.008441583408828,3.7639127816877407
sample_060,19.795924931836694,0.6383071370653043,13.181350305262955,4.017817120064685
sample_061,19.547909995437312,0.8145119359187807,10.755859092335276,4.429384608188019
sample_062,19.0463683388265,0.7729959789233399,11.675657143790616,4.171748568614526
sample_063,23.690710675442247,0.8196529421760994,11.555083859144618,4.562650187364953
sample_064,22.84234082738199,0.8128206016389324,13.815822419937593,3.305079714395131
sample_065,16.92426027984049,0.847105207200547,12.766533011268187,4.688111326724871
sample_066,18.989651809359767,0.7994075092857887,13.634936804439569,4.677122561340577
sample_067,24.158298100388816,0.8843792560397428,10.223144223154414,3.9369277320961586
sample_068,22.982873543315137,0.8549206949387383,10.295489980170684,3.256507170581283
sample_069,22.044394897074145,0.6802832106895839,9.78788995009785,4.352127390863359
sample_070,22.121610934820033,0.6993580266111666,9.482205959149494,4.762977367463556
sample_071,24.145435118488656,0.719319380964013,14.110067564335507,4.655012248483356
sample_072,23.14502057156701,0.838439015903613,12.29675139504226,3.5725277172308085
sample_073,19.68500594038465,0.7271187303641111,12.191750964109543,4.638960762670698
sample_074,20.0628916037531,0.7796283257190755,12.073455614098473,3.8819469371214477
sample_075,17.01214507853841,0.713242402948974,13.371927746725607,3.847150334480089
sample_076,21.758205382769297,0.8994954292184507,10.561452396084482,3.3697155425961918
sample_077,20.27995492486713,0.7520145023790243,10.629187483154494,4.6072087345752575
sample_078,23.80702135166241,0.8507258684589227,11.918426922423702,3.2116622126281023
sample_079,20.97558015624447,0.6586218307120683,11.277637804327725,4.793450088711749
sample_080,20.225156271628673,0.8711784624545402,11.399428819471481,4.721022841465693
